<application>
  <component name="FeatureSuggesterSettings">
    <option name="workingDays">
      <list>
        <option value="1657943456807" />
        <option value="1658796941564" />
        <option value="1659514064397" />
        <option value="1659594681009" />
        <option value="1659679777762" />
        <option value="1659931221649" />
        <option value="1660009089943" />
        <option value="1660099621622" />
        <option value="1660184107532" />
        <option value="1660544149243" />
        <option value="1660622654681" />
        <option value="1661157565646" />
        <option value="1662859508033" />
        <option value="1663037209617" />
      </list>
    </option>
  </component>
</application>