<keymap version="1" name="MyIntellijSetting" parent="Eclipse">
  <action id="$Copy">
    <keyboard-shortcut first-keystroke="ctrl c" />
  </action>
  <action id="$LRU">
    <keyboard-shortcut first-keystroke="ctrl alt r" />
  </action>
  <action id="$Paste">
    <keyboard-shortcut first-keystroke="ctrl v" />
  </action>
  <action id="ActivateMavenToolWindow">
    <keyboard-shortcut first-keystroke="alt m" />
  </action>
  <action id="ActivateTerminalToolWindow">
    <keyboard-shortcut first-keystroke="ctrl f12" />
    <keyboard-shortcut first-keystroke="ctrl back_space" />
  </action>
  <action id="AddToFavoritesPopup" />
  <action id="Annotate">
    <keyboard-shortcut first-keystroke="shift ctrl a" />
  </action>
  <action id="Arrangement.Alias.Rule.Edit" />
  <action id="Arrangement.Rule.Edit" />
  <action id="ChangeSignature" />
  <action id="ChangesView.GroupBy.Directory" />
  <action id="ChangesView.Revert" />
  <action id="CheckinProject">
    <keyboard-shortcut first-keystroke="shift ctrl x" />
  </action>
  <action id="CloseActiveTab" />
  <action id="CloseAllEditors">
    <keyboard-shortcut first-keystroke="shift ctrl w" />
  </action>
  <action id="CloseContent">
    <keyboard-shortcut first-keystroke="ctrl w" />
  </action>
  <action id="CloseProject">
    <keyboard-shortcut first-keystroke="ctrl alt c" />
  </action>
  <action id="CollapseExpandableComponent">
    <keyboard-shortcut first-keystroke="ctrl subtract" />
    <keyboard-shortcut first-keystroke="ctrl minus" />
  </action>
  <action id="CommentByLineComment">
    <keyboard-shortcut first-keystroke="ctrl slash" />
  </action>
  <action id="CompileDirty">
    <keyboard-shortcut first-keystroke="ctrl f9" />
  </action>
  <action id="Console.Jpa.GenerateSql" />
  <action id="Console.TableResult.CompareCells" />
  <action id="Console.TableResult.EditValue">
    <keyboard-shortcut first-keystroke="enter" />
    <keyboard-shortcut first-keystroke="alt enter" />
  </action>
  <action id="Console.TableResult.EditValueMaximized">
    <keyboard-shortcut first-keystroke="shift alt enter" />
  </action>
  <action id="Console.TableResult.PreviousPage" />
  <action id="Console.TableResult.SetNull" />
  <action id="Console.Transaction.Commit" />
  <action id="ConsoleView.ClearAll">
    <keyboard-shortcut first-keystroke="shift ctrl alt delete" />
  </action>
  <action id="CopyPaths" />
  <action id="CopyReference" />
  <action id="DatabaseView.CopyDdlAction">
    <keyboard-shortcut first-keystroke="shift ctrl alt g" />
  </action>
  <action id="DatabaseView.PropertiesAction" />
  <action id="Debug" />
  <action id="Debugger.EditArrayFilter" />
  <action id="Debugger.EditCustomField" />
  <action id="Diff.ApplyLeftSide">
    <keyboard-shortcut first-keystroke="alt d" />
  </action>
  <action id="Diff.ApplyRightSide">
    <keyboard-shortcut first-keystroke="alt a" />
  </action>
  <action id="Diff.NextChange" />
  <action id="Diff.PrevChange" />
  <action id="Diff.ShowSettingsPopup" />
  <action id="DuplicatesForm.SendToRight" />
  <action id="EditSource">
    <mouse-shortcut keystroke="control button1" />
    <keyboard-shortcut first-keystroke="f3" />
  </action>
  <action id="Editor Copy">
    <keyboard-shortcut first-keystroke="ctrl c" />
  </action>
  <action id="Editor LRU">
    <keyboard-shortcut first-keystroke="ctrl alt r" />
  </action>
  <action id="Editor Paste">
    <keyboard-shortcut first-keystroke="ctrl v" />
  </action>
  <action id="EditorAddRectangularSelectionOnMouseDrag" />
  <action id="EditorBackwardParagraph">
    <keyboard-shortcut first-keystroke="alt open_bracket" />
  </action>
  <action id="EditorBackwardParagraphWithSelection">
    <keyboard-shortcut first-keystroke="shift alt open_bracket" />
  </action>
  <action id="EditorCloneCaretAbove">
    <keyboard-shortcut first-keystroke="ctrl up" />
  </action>
  <action id="EditorCloneCaretBelow">
    <keyboard-shortcut first-keystroke="ctrl down" />
  </action>
  <action id="EditorCompleteStatement">
    <keyboard-shortcut first-keystroke="shift enter" />
  </action>
  <action id="EditorContextInfo" />
  <action id="EditorCutLineEnd">
    <keyboard-shortcut first-keystroke="alt c" />
  </action>
  <action id="EditorDeleteToLineEnd" />
  <action id="EditorDeleteToWordEnd" />
  <action id="EditorDeleteToWordEndInDifferentHumpsMode">
    <keyboard-shortcut first-keystroke="ctrl delete" />
  </action>
  <action id="EditorDeleteToWordStart" />
  <action id="EditorFocusGutter" />
  <action id="EditorForwardParagraph">
    <keyboard-shortcut first-keystroke="alt close_bracket" />
  </action>
  <action id="EditorForwardParagraphWithSelection">
    <keyboard-shortcut first-keystroke="shift alt close_bracket" />
  </action>
  <action id="EditorHungryBackSpace">
    <keyboard-shortcut first-keystroke="alt x" />
  </action>
  <action id="EditorLineEndWithSelection">
    <keyboard-shortcut first-keystroke="shift end" />
    <keyboard-shortcut first-keystroke="shift alt c" />
  </action>
  <action id="EditorLineStartWithSelection">
    <keyboard-shortcut first-keystroke="shift home" />
    <keyboard-shortcut first-keystroke="shift alt z" />
  </action>
  <action id="EditorLookupDown" />
  <action id="EditorLookupUp" />
  <action id="EditorMatchBrace" />
  <action id="EditorMoveToPageBottomWithSelection" />
  <action id="EditorNextWord" />
  <action id="EditorNextWordInDifferentHumpsMode">
    <keyboard-shortcut first-keystroke="ctrl right" />
  </action>
  <action id="EditorNextWordInDifferentHumpsModeWithSelection">
    <keyboard-shortcut first-keystroke="shift ctrl right" />
  </action>
  <action id="EditorNextWordWithSelection" />
  <action id="EditorPreviousWord" />
  <action id="EditorPreviousWordInDifferentHumpsMode">
    <keyboard-shortcut first-keystroke="ctrl left" />
  </action>
  <action id="EditorPreviousWordInDifferentHumpsModeWithSelection">
    <keyboard-shortcut first-keystroke="shift ctrl left" />
  </action>
  <action id="EditorPreviousWordWithSelection" />
  <action id="EditorScrollDown" />
  <action id="EditorScrollToCenter" />
  <action id="EditorScrollUp" />
  <action id="EditorStartNewLine">
    <keyboard-shortcut first-keystroke="shift ctrl enter" />
  </action>
  <action id="EditorToggleCase">
    <keyboard-shortcut first-keystroke="shift ctrl alt c" />
  </action>
  <action id="EmmetNextEditPoint" />
  <action id="EmmetPreviousEditPoint" />
  <action id="ExpandExpandableComponent">
    <keyboard-shortcut first-keystroke="ctrl add" />
    <keyboard-shortcut first-keystroke="ctrl equals" />
  </action>
  <action id="ExportSettings">
    <keyboard-shortcut first-keystroke="shift alt x" />
  </action>
  <action id="FileChooser.GotoProject" />
  <action id="FileChooser.NewFolder">
    <keyboard-shortcut first-keystroke="alt insert" />
  </action>
  <action id="FindUsagesInFile" />
  <action id="FindWordAtCaret" />
  <action id="Generate">
    <keyboard-shortcut first-keystroke="shift alt s" />
  </action>
  <action id="Git.CompareWithBranch">
    <keyboard-shortcut first-keystroke="shift ctrl c" />
  </action>
  <action id="Git.Fetch">
    <keyboard-shortcut first-keystroke="shift ctrl f" />
  </action>
  <action id="Git.Merge">
    <keyboard-shortcut first-keystroke="shift ctrl e" />
  </action>
  <action id="Git.SelectInGitLog">
    <keyboard-shortcut first-keystroke="shift ctrl g" />
  </action>
  <action id="GotoAction" />
  <action id="GotoBookmark2" />
  <action id="GotoDeclaration">
    <keyboard-shortcut first-keystroke="ctrl b" />
  </action>
  <action id="HideAllWindows">
    <keyboard-shortcut first-keystroke="ctrl alt n" />
  </action>
  <action id="ImportSettings">
    <keyboard-shortcut first-keystroke="shift alt i" />
  </action>
  <action id="Inline" />
  <action id="IntroduceConstant" />
  <action id="IntroduceParameter" />
  <action id="JumpToLastChange" />
  <action id="MethodOverloadSwitchDown" />
  <action id="MethodOverloadSwitchUp" />
  <action id="ModifyObject" />
  <action id="NewElementSamePlace">
    <keyboard-shortcut first-keystroke="ctrl n" />
  </action>
  <action id="NextDiff">
    <keyboard-shortcut first-keystroke="alt s" />
  </action>
  <action id="NextEditorTab" />
  <action id="NextOccurence">
    <keyboard-shortcut first-keystroke="alt s" />
  </action>
  <action id="NextTab">
    <keyboard-shortcut first-keystroke="ctrl alt right" />
  </action>
  <action id="OpenElementInNewWindow" />
  <action id="PrettierImportCodeStyleAction">
    <keyboard-shortcut first-keystroke="ctrl alt p" />
  </action>
  <action id="PreviousDiff">
    <keyboard-shortcut first-keystroke="alt w" />
  </action>
  <action id="PreviousEditorTab" />
  <action id="PreviousOccurence">
    <keyboard-shortcut first-keystroke="alt w" />
  </action>
  <action id="PreviousTab">
    <keyboard-shortcut first-keystroke="ctrl alt left" />
  </action>
  <action id="QuickJavaDoc">
    <mouse-shortcut keystroke="alt button2" />
    <keyboard-shortcut first-keystroke="shift ctrl space" />
  </action>
  <action id="RecentLocations">
    <keyboard-shortcut first-keystroke="ctrl r" />
  </action>
  <action id="ReformatCode">
    <keyboard-shortcut first-keystroke="ctrl alt l" />
  </action>
  <action id="ReformatWithPrettierAction" />
  <action id="RenameFile">
    <keyboard-shortcut first-keystroke="f2" />
  </action>
  <action id="ResizeToolWindowLeft" />
  <action id="ResizeToolWindowRight" />
  <action id="Run">
    <keyboard-shortcut first-keystroke="shift f10" />
  </action>
  <action id="RunConfiguration">
    <keyboard-shortcut first-keystroke="shift alt f" />
  </action>
  <action id="RunDashboard.ShowConfigurations" />
  <action id="RunToCursor" />
  <action id="SaveAs" />
  <action id="SearchEverywhere.NavigateToNextGroup">
    <keyboard-shortcut first-keystroke="page_down" />
  </action>
  <action id="SearchEverywhere.NavigateToPrevGroup">
    <keyboard-shortcut first-keystroke="page_up" />
  </action>
  <action id="ServiceView.GroupByServiceGroups" />
  <action id="SetShortcutAction">
    <keyboard-shortcut first-keystroke="alt enter" />
    <keyboard-shortcut first-keystroke="shift alt j" />
  </action>
  <action id="ShowIntentionActions">
    <keyboard-shortcut first-keystroke="alt enter" />
    <keyboard-shortcut first-keystroke="shift alt j" />
  </action>
  <action id="ShowPopupMenu">
    <keyboard-shortcut first-keystroke="ctrl f10" />
    <keyboard-shortcut first-keystroke="shift alt t" />
  </action>
  <action id="ShowUmlDiagram" />
  <action id="ShowUmlDiagramPopup">
    <keyboard-shortcut first-keystroke="shift ctrl alt u" />
  </action>
  <action id="SplitVertically">
    <keyboard-shortcut first-keystroke="alt v" />
  </action>
  <action id="Start.Use.Vcs">
    <keyboard-shortcut first-keystroke="ctrl alt v" />
  </action>
  <action id="Stop" />
  <action id="SurroundWith">
    <keyboard-shortcut first-keystroke="shift alt d" />
  </action>
  <action id="Synchronize">
    <keyboard-shortcut first-keystroke="f5" />
  </action>
  <action id="TagDocumentationNavigation" />
  <action id="Terminal.MoveToolWindowTabLeft" />
  <action id="Terminal.MoveToolWindowTabRight" />
  <action id="Terminal.OpenInTerminal">
    <keyboard-shortcut first-keystroke="alt n" />
  </action>
  <action id="TodoViewGroupByShowModules" />
  <action id="TodoViewGroupByShowPackages" />
  <action id="ToggleFullScreen">
    <keyboard-shortcut first-keystroke="ctrl alt m" />
    <keyboard-shortcut first-keystroke="alt m" />
  </action>
  <action id="Uml.ShowDiff" />
  <action id="Vcs.Push">
    <keyboard-shortcut first-keystroke="shift ctrl q" />
  </action>
  <action id="Vcs.RollbackChangedLines" />
  <action id="Vcs.ShowMessageHistory">
    <keyboard-shortcut first-keystroke="ctrl m" />
  </action>
  <action id="Vcs.ShowTabbedFileHistory">
    <keyboard-shortcut first-keystroke="shift ctrl z" />
  </action>
  <action id="Vcs.ToggleAmendCommitMode" />
  <action id="Vcs.UpdateProject">
    <keyboard-shortcut first-keystroke="shift ctrl s" />
  </action>
  <action id="XDebugger.EditWatch" />
  <action id="XDebugger.SetValue" />
  <action id="context.save" />
  <action id="editRunConfigurations">
    <keyboard-shortcut first-keystroke="alt g" />
  </action>
  <action id="hg4idea.QFold" />
  <action id="presentationAssistant.ShowActionDescriptions" />
</keymap>