<application>
  <component name="CodeInsightSettings">
    <option name="SHOW_PARAMETER_NAME_HINTS_ON_COMPLETION" value="true" />
  </component>
  <component name="DefaultFont">
    <option name="FONT_SIZE" value="14" />
    <option name="FONT_REGULAR_SUB_FAMILY" value="Regular" />
    <option name="FONT_BOLD_SUB_FAMILY" value="Bold" />
  </component>
  <component name="EditorSettings">
    <option name="STRIP_TRAILING_SPACES" value="Whole" />
    <option name="IS_ENSURE_NEWLINE_AT_EOF" value="true" />
  </component>
</application>