<application>
  <component name="GitRememberedInputs">
    <option name="visitedUrls">
      <list>
        <UrlAndUserName>
          <option name="url" value="https://github.com/developer-choi/next-js-blog" />
          <option name="userName" value="" />
        </UrlAndUserName>
        <UrlAndUserName>
          <option name="url" value="https://github.com/developer-choi/instagram-crawler" />
          <option name="userName" value="" />
        </UrlAndUserName>
        <UrlAndUserName>
          <option name="url" value="https://github.com/developer-choi/nextjs-blog-app" />
          <option name="userName" value="" />
        </UrlAndUserName>
        <UrlAndUserName>
          <option name="url" value="https://github.com/developer-choi/ts-playground" />
          <option name="userName" value="" />
        </UrlAndUserName>
        <UrlAndUserName>
          <option name="url" value="https://github.com/developer-choi/markup-playground" />
          <option name="userName" value="" />
        </UrlAndUserName>
        <UrlAndUserName>
          <option name="url" value="https://github.com/developer-choi/next-development-environment" />
          <option name="userName" value="" />
        </UrlAndUserName>
        <UrlAndUserName>
          <option name="url" value="http://bitbucket.org" />
          <option name="userName" value="forworkchoe@gmail.com" />
        </UrlAndUserName>
        <UrlAndUserName>
          <option name="url" value="https://bitbucket.org/choe_yujin/test-service" />
          <option name="userName" value="" />
        </UrlAndUserName>
        <UrlAndUserName>
          <option name="url" value="git@bitbucket.org:choe_yujin/test-service.git" />
          <option name="userName" value="" />
        </UrlAndUserName>
        <UrlAndUserName>
          <option name="url" value="git@bitbucket.org:choe_yujin/test365-web.git" />
          <option name="userName" value="" />
        </UrlAndUserName>
        <UrlAndUserName>
          <option name="url" value="https://github.com/developer-choi/case-of-improvement" />
          <option name="userName" value="" />
        </UrlAndUserName>
        <UrlAndUserName>
          <option name="url" value="https://github.com/developer-choi/fe-interview" />
          <option name="userName" value="" />
        </UrlAndUserName>
        <UrlAndUserName>
          <option name="url" value="https://github.com/ButFit/butfit-frontend-developer-choi" />
          <option name="userName" value="" />
        </UrlAndUserName>
        <UrlAndUserName>
          <option name="url" value="https://github.com/developer-choi/butfit" />
          <option name="userName" value="" />
        </UrlAndUserName>
      </list>
    </option>
    <option name="cloneParentDir" value="C:\Users\dbwls\WebstormProjects" />
  </component>
  <component name="Vcs.Log.App.Settings">
    <option name="COLUMN_ID_ORDER">
      <list>
        <option value="Default.Root" />
        <option value="Default.Subject" />
        <option value="Default.Author" />
        <option value="Default.Date" />
        <option value="Space.CommitStatus" />
      </list>
    </option>
  </component>
  <component name="VcsEditorTab.Settings">
    <option name="openInNewWindow" value="true" />
  </component>
</application>